,ticker,tradeDate,expirDate,dte,strike,stockPrice,callVolume,callOpenInterest,callBidSize,callAskSize,putVolume,putOpenInterest,putBidSize,putAskSize,callBidPrice,callValue,callAskPrice,putBidPrice,putValue,putAskPrice,callBidIv,callMidIv,callAskIv,smvVol,putBidIv,putMidIv,putAskIv,residualRate,delta,gamma,theta,vega,rho,phi,driftlessTheta,extSmvVol,extCallValue,extPutValue,spotPrice,updatedAt
0,SPY,2022-05-31,2022-10-21,144,350,414.0798,0,0,20,20,35,0,80,123,70.7,71.3270836189768,72.03,7.67,7.660811246145527,7.72,0.297850823316467,0.308101521648877,0.31835221998128604,0.303331523542262,0.307346224544471,0.30772598213440705,0.308105739724343,-0.012267138333228001,0.8340121977365401,0.0031853070265740004,-0.06424306910211501,0.6536945758863261,0.7974316568387531,-0.973679928473908,-0.066725219359928,0.266970919804687,68.86231778190768,5.205222389929378,414.0798,2022-05-31T19:46:00Z
1,SPY,2022-06-01,2022-10-21,143,350,411.62,0,0,130,20,288,11,408,88,68.3,68.96561686713862,69.62,7.74,7.773278817634824,7.78,0.293864732026056,0.30400226802856,0.314139804031064,0.32155631332814505,0.302845950440333,0.30315145679731104,0.30345696315429,-0.012106739220697,0.8154127099943461,0.003242601336967,-0.07294625999604301,0.6523635284332451,0.7828677842455931,-0.9601680501839671,-0.075644510058042,0.26828723460124904,66.75885974668275,5.599606841278484,411.62,2022-06-01T19:46:00Z
2,SPY,2022-06-02,2022-10-21,142,350,416.19,0,0,130,130,20,284,88,546,72.11,72.72856259571579,73.34,6.93,6.94983895303199,6.97,0.293222438683642,0.30342730731594203,0.313632175948242,0.324004546408486,0.30319333888431804,0.303527191758837,0.303861044633357,-0.012702877415554,0.8289203067777071,0.0030392262558570004,-0.071115650738897,0.6518738920632471,0.7877340643827231,-0.9718425926412081,-0.073573337213424,0.26935949207744203,70.74329208059646,4.954695204967421,416.19,2022-06-02T19:46:00Z
3,SPY,2022-06-03,2022-10-21,141,350,410.04,0,0,10,10,283,288,80,1058,66.67,67.22970657927023,67.87,7.73,7.707729428513329,7.77,0.29162184658872004,0.30091491463332104,0.31020798267792205,0.302045383883971,0.300364692979735,0.300672577682012,0.30098046238428805,-0.011823499510430002,0.8234353119755391,0.003402683322733,-0.06620826030890001,0.6458238375418041,0.769566540501145,-0.9331913991215731,-0.069191931230135,0.259956157720316,64.76990868554643,5.244540661733128,410.04,2022-06-03T19:46:00Z
4,SPY,2022-06-06,2022-10-21,138,350,411.69,1,0,130,10,35,458,30,571,67.68,68.17087335159823,68.79,7.2,7.140669026870278,7.24,0.290405757277645,0.299328892847451,0.308252028417256,0.30441385876951604,0.299295651673443,0.299605421190415,0.29991519070738704,-0.010824608760087001,0.829600605424271,0.0033411327900870003,-0.06542504033799501,0.6391080679628031,0.74528125305307,-0.903966282948052,-0.06916143383197701,0.26508309742339103,66.2031640209366,5.1592033324949,411.69,2022-06-06T19:46:00Z
5,SPY,2022-06-07,2022-10-21,137,350,415.67,10,1,50,10,65,462,462,344,70.84,71.50190108501054,72.24,6.37,6.362086065758116,6.42,0.285779737800381,0.297753540740441,0.30972734368050103,0.301424852650088,0.29743629637753,0.29786044119119803,0.298284586004867,-0.012347762564986,0.845161829242387,0.003140217327343,-0.062036168287935005,0.584992547335059,0.7507439431050691,-0.914157829139379,-0.06505406340851201,0.26730295250671304,69.84176298388299,4.672748495319163,415.67,2022-06-07T19:46:00Z
6,SPY,2022-06-08,2022-10-21,136,350,411.58,6,11,10,10,110,433,258,148,67.17,67.7880620047688,68.49,6.82,6.794832193229959,6.86,0.28454460999381603,0.29550748198138604,0.306470353968957,0.29992655207290103,0.29535374258803304,0.29569538321801403,0.296037023847995,-0.011741509288717,0.8338234904802201,0.0033602397042240004,-0.06408454567277601,0.6331184497350311,0.7397573158196581,-0.8950633543561051,-0.067536604292966,0.262076815351502,65.89443812153033,4.894455042884719,411.58,2022-06-08T19:46:00Z
7,SPY,2022-06-09,2022-10-21,135,350,403.29,4,16,10,10,112,438,198,213,60.09,60.840542429749085,61.63,8.23,8.21446229983438,8.3,0.282869248974563,0.29457738218697904,0.306285515399394,0.290595515447826,0.295643576921983,0.296155639241148,0.296667701560313,-0.012027828622913002,0.811022234404778,0.0038482454360090003,-0.066518241567824,0.6284058558148861,0.725129169641163,-0.865941734872789,-0.06994104006869001,0.257303732084804,58.50958317859588,5.8104880886202075,403.29,2022-06-09T19:46:00Z
8,SPY,2022-06-10,2022-10-21,134,350,391.6014,4,19,10,10,164,502,205,64,51.06,51.56467188516216,52.17,10.59,10.591163785742674,10.66,0.287046219054503,0.29478893229801,0.302531645541517,0.297150766079503,0.29484319127123404,0.29533020778684305,0.295817224302452,-0.012842436580774,0.7589035549193831,0.004460166265356,-0.07743557612529,0.7168601343024671,0.6987293337796591,-0.8265044559484811,-0.080589181512948,0.294640768090328,51.60433144196877,10.57545660960249,391.6014,2022-06-10T19:46:00Z
9,SPY,2022-06-13,2022-10-21,131,350,374.46,27,19,462,393,743,545,106,48,39.66,40.088154425720724,40.58,16.15,16.15782389653794,16.23,0.30298850476974903,0.30870929180398804,0.31443007883822804,0.30583701412069203,0.308390287024675,0.30888734813387103,0.30938440924306604,-0.014199392201149002,0.6727311528392761,0.005293617692783001,-0.09053622004691,0.804194186446271,0.6256729581104921,-0.729527296146942,-0.093279574833909,0.254123222729293,35.81811897192498,11.868346098052735,374.46,2022-06-13T19:46:00Z
10,SPY,2022-06-14,2022-10-21,130,350,373.88,27,42,390,2,171,1239,48,48,38.12,38.46384891897949,38.84,15.09,15.088006193147072,15.16,0.289294308839436,0.293792315198507,0.298290321557577,0.287932147311776,0.29429287030193,0.294729760733128,0.295166651164325,-0.014972815632441001,0.676487168489172,0.005627771160047,-0.08516354697167901,0.800368723542291,0.627280467139388,-0.7250941644341451,-0.08762369553963001,0.248958777292616,34.978318729118975,11.544017497005765,373.88,2022-06-14T19:46:00Z
11,SPY,2022-06-15,2022-10-21,129,350,379.93,21,42,42,5,322,1340,56,56,40.42,41.990561898544506,43.68,12.45,12.44988381692217,12.54,0.26353175380141103,0.285017079356634,0.30650240491185804,0.282846338343615,0.28609097518361004,0.28667367347211403,0.287256371760618,5.5327029425e-05,0.7131665241923211,0.005355011961197,-0.081398302768715,0.7711196455161431,0.65715861840647,-0.7627820000151121,-0.08314234524182501,0.247793484350763,39.2634875934997,9.605042253464301,379.93,2022-06-15T19:46:00Z
12,SPY,2022-06-16,2022-10-21,128,350,366.02,1845,43,10,10,3222,1349,40,52,32.65,32.91544222805008,33.33,17.34,17.314310190697526,17.43,0.287257483192201,0.29145794346241305,0.29565840373262603,0.28398155675048503,0.291219567683598,0.291775387455288,0.29233120722697803,0.0007218957410960001,0.632098376601336,0.006154925357671001,-0.08735069952173001,0.809529111706153,0.583347056097767,-0.667777534618612,-0.089492917238103,0.24560727358933102,29.29801961650467,13.6646275233398,366.02,2022-06-16T19:46:00Z
13,SPY,2022-06-17,2022-10-21,127,350,366.41,4,1882,10,10,174,3740,90,112,33.15,33.575946302291364,33.95,15.9,15.939254670587577,15.98,0.278704219344426,0.283695531416635,0.28868684348884405,0.27329563980230104,0.283362664700545,0.283861042211487,0.284359419722429,-0.0017457922423390001,0.6489440200736231,0.006283290461629,-0.091522791188702,0.8011945473850121,0.7078976300076031,-0.820837207335355,-0.08594191872739701,0.24223151171269902,30.27395022350455,12.642341126498,366.41,2022-06-17T19:46:00Z
14,SPY,2022-06-21,2022-10-21,123,350,375.6,19,1886,16,3,175,3743,57,48,39.2,39.52227062905379,39.84,12.73,12.757101787679792,12.78,0.28144462641828505,0.28575462410603303,0.29006462179378,0.28150138578564204,0.28532190066595003,0.285657861807012,0.285993822948075,-0.0017899949620520002,0.701928495631976,0.005642039234358001,-0.092004127356443,0.7423209003466571,0.7501819360255371,-0.8812090379691361,-0.086042925769596,0.241348122661407,36.2419508130063,9.476246692235659,375.6,2022-06-21T19:46:00Z
15,SPY,2022-06-22,2022-10-21,122,350,374.91,3,1897,10,10,300,3735,168,66,38.43,38.83279749395495,39.22,12.74,12.77376488879865,12.8,0.279030051981,0.284375727289574,0.28972140259814905,0.27399406817813604,0.283846314538715,0.28425137173764403,0.284656428936573,0.000285234225071,0.7018198432168511,0.005830873308978001,-0.089840196761687,0.7385442524784731,0.746091797475238,-0.8722458951749641,-0.08392456584122601,0.24215670933919703,35.70913938814119,9.657347315694128,374.91,2022-06-22T19:46:00Z
16,SPY,2022-06-23,2022-10-21,121,350,378.05,38,1899,133,12,352,3804,56,56,40.58,41.07587690738855,41.55,11.98,12.00410557504698,12.02,0.279708402103845,0.286274999073351,0.29284159604285703,0.28116599137396103,0.28683120862559003,0.287101604958518,0.287372001291446,6.9174849193e-05,0.716443156955442,0.005526483034137,-0.090934387737285,0.738406966746993,0.7566779090879331,-0.8904135437890881,-0.08518070282092301,0.244390380364944,38.06802511665585,8.933776350552682,378.05,2022-06-23T19:46:00Z
17,SPY,2022-06-24,2022-10-21,120,350,388.58,6,1927,5,10,1867,4011,102,350,48.9,49.093354558977005,49.47,9.37,9.387453843076596,9.41,0.287962364306875,0.29224016043670203,0.296517956566529,0.29049773378661903,0.289395310497438,0.289694946227166,0.28999458195689404,0.000589570937033,0.7656507556857151,0.004719859385695,-0.088077347592903,0.66615449967574,0.809883328915705,-0.9697419536958731,-0.082039851199127,0.250776959693854,46.48142912158976,6.849782280011737,388.58,2022-06-24T19:46:00Z
18,SPY,2022-06-27,2022-10-21,117,350,388.97,7,1922,20,20,819,4036,98,413,48.57,48.994577962130506,49.42,8.93,8.946199242609353,8.97,0.28196048216658703,0.288423725826073,0.29488696948555804,0.288662315091174,0.287811424876791,0.288115025271027,0.288418625665263,0.0005971349513460001,0.7708596091841,0.004743804275827,-0.087902671072735,0.6575917750723711,0.7970805495294401,-0.9527583011799391,-0.081581007890069,0.24887857964699203,46.487485664269755,6.456329460770386,388.97,2022-06-27T19:46:00Z
19,SPY,2022-06-28,2022-10-21,116,350,381.1,4,1919,20,30,183,4219,104,59,42.46,42.82923084808565,43.19,10.68,10.700788882534917,10.72,0.28137282766889105,0.28666342499053904,0.29195402231218703,0.271937323625683,0.28629551429030103,0.28658480858235,0.286874102874398,0.0011093337936390001,0.740998950418539,0.005520931269438,-0.08678905867244001,0.6892490431188271,0.7579439655685071,-0.889612175661124,-0.08086540070732601,0.24806883266714302,40.18460384497351,8.058696082642589,381.1,2022-06-28T19:46:00Z
20,SPY,2022-06-29,2022-10-21,115,350,380.312,9,1926,100,133,209,4281,189,132,41.73,42.11615801927957,42.5,10.74,10.767016814234927,10.79,0.280284568589834,0.28589421971286505,0.291503870835896,0.282510520412245,0.28548498231762204,0.285848385169507,0.286211788021392,0.0006875945738560001,0.731541004273718,0.005453199920087,-0.09180954954831201,0.68619007512934,0.7380694837783901,-0.8688210920092331,-0.08586062083766101,0.24650852189043101,39.420336260007495,8.067522930286541,380.312,2022-06-29T19:46:00Z
21,SPY,2022-06-30,2022-10-21,114,350,377.13,9,1928,10,10,238,4343,69,56,39.5,39.760322131856164,40.02,11.66,11.685232263771438,11.71,0.283719592755378,0.28734809605973405,0.29097659936409004,0.27600569073456305,0.28686121465796904,0.28720956629896804,0.28755791793996704,0.001332331127034,0.717085339150438,0.005805693796576,-0.09105687056976801,0.7161687470087641,0.7164584452998041,-0.8368820343931581,-0.08577481879345701,0.24670789128764703,36.93082763825321,8.858740444697926,377.13,2022-06-30T19:46:00Z
22,SPY,2022-07-01,2022-10-21,113,350,381.29,7,1935,4,130,229,4333,76,209,42.26,42.55696940500688,42.92,10.33,10.351647228267137,10.38,0.28123950136942605,0.286081042095645,0.290922582821865,0.268914822861184,0.28525422007458,0.285620360690642,0.285986501306704,0.00135998192685,0.745398014435193,0.005603491508033001,-0.085802093305699,0.6808788653094671,0.744821640254261,-0.8717773604596191,-0.08033439438751501,0.24571888667499603,39.88931173002429,7.679512069147256,381.29,2022-07-01T19:46:00Z
23,SPY,2022-07-05,2022-10-21,109,350,381.18,17,1934,10,10,274,4409,222,56,41.84,42.230530444647286,42.62,10.15,10.172098849262822,10.19,0.28181162556342504,0.287635060693601,0.29345849582377803,0.2847375383763,0.287106492940904,0.28740463025991503,0.28770276757892604,0.000724373428023,0.7382058593933231,0.005472464109054,-0.09318101058434,0.669616125941848,0.7079200912205471,-0.832069117118431,-0.08792769554794501,0.24909160360717902,39.69961300399045,7.6493899994759555,381.18,2022-07-05T19:46:00Z
24,SPY,2022-07-06,2022-10-21,108,350,384.425,52,1948,25,10,235,4403,84,139,44.16,44.580225598524,45.03,9.22,9.231781858524263,9.26,0.28159177864517804,0.28830597982550604,0.29502018100583405,0.285945740150621,0.28707882361610604,0.287394344176428,0.28770986473675003,0.001208376576854,0.7557638736798881,0.005232450245889001,-0.091646661912582,0.629815023574929,0.7210247853134341,-0.85097096218719,-0.086226993876286,0.251162385479599,42.24621231129485,6.956287353460532,384.425,2022-07-06T19:46:00Z
25,SPY,2022-07-07,2022-10-21,107,350,388.84,1964,1990,10,10,616,4485,426,472,47.55,47.98199425259446,48.42,8.26,8.281449337832713,8.3,0.28291105153220003,0.28981983427949404,0.29672861702678804,0.289373153394235,0.28918608381244904,0.28950328427758604,0.28982048474272304,0.0014253382349590001,0.7766645031018931,0.004877154026667,-0.089748597928285,0.6296281813322581,0.73716646703456,-0.875995997278021,-0.084210724358745,0.25389341352989403,45.838078809713835,6.147975385672962,388.84,2022-07-07T19:46:00Z
26,SPY,2022-07-08,2022-10-21,106,350,389.28,1,1642,10,10,137,4830,92,290,47.51,47.97937651587467,48.45,7.86,7.872231136588551,7.9,0.277888389190937,0.28561676620000104,0.293345143209065,0.283675658624901,0.28574855864049103,0.28606721839508503,0.28638587814967903,0.00150091812597,0.783407751026964,0.004906633631657001,-0.08719491227122801,0.584494380101034,0.739113002408279,-0.876364768917487,-0.081599260309095,0.25253878665371804,46.030917995101355,5.912200865463175,389.28,2022-07-08T19:46:00Z
27,SPY,2022-07-11,2022-10-21,103,350,383.87,2,1642,215,130,199,4912,578,84,43.26,43.66426075641106,44.07,9.01,9.024936553247466,9.05,0.281981346450674,0.28845139168779604,0.294921436924918,0.283971578551314,0.28816001499800703,0.28848386235967,0.288807709721333,0.0018991951533050002,0.757344099079251,0.00538047873701,-0.092174251152664,0.614983986935805,0.690158372929915,-0.8107224897789,-0.08717653745141901,0.24861756307950703,41.220247012277824,6.584897297839569,383.87,2022-07-11T19:46:00Z
28,SPY,2022-07-12,2022-10-21,102,350,379.85,21,1644,13,19,673,5010,1632,3522,40.21,40.59919459793907,41.0,9.85,9.937364481753413,10.02,0.28204927371146404,0.28815838023872403,0.294267486765983,0.274739112558535,0.28679970123447,0.28811207241227904,0.289424443590088,0.002113785345297,0.741379721762214,0.005842778562739,-0.09210828604478201,0.6460802272279681,0.6688528832549241,-0.7785150635058801,-0.08675645025212901,0.24900973278299202,38.11523844121314,7.442608213537428,379.85,2022-07-12T19:46:00Z
29,SPY,2022-07-13,2022-10-21,101,350,379.42,2,1665,10,10,168,5244,76,124,39.38,39.83687337569709,40.3,9.52,9.54008492862899,9.56,0.27463476472028203,0.28179443385422503,0.28895410298816804,0.27955238013265904,0.28160275521822803,0.281913491405865,0.282224227593503,0.001096259091984,0.7374202985881331,0.005827148066971001,-0.095277469087112,0.642413640137608,0.657664539274453,-0.7663138179273901,-0.08940550526585801,0.245211098482283,37.53632171295787,7.223042021953968,379.42,2022-07-13T19:46:00Z
30,SPY,2022-07-14,2022-10-21,100,350,377.83,14,1667,110,110,447,5332,56,56,37.96,38.40571643765865,38.86,9.73,9.751324914262943,9.78,0.272567844381333,0.2796208796604,0.28667391493946603,0.269250579575311,0.27981485994953104,0.280205773752829,0.28059668755612704,0.0027544197630270002,0.734338925367022,0.0061369033483850005,-0.09230536299181201,0.6376067777727721,0.6499001382730121,-0.7521085725646921,-0.086574589290309,0.24482833966883502,36.193028783299084,7.496547726432118,377.83,2022-07-14T19:46:00Z
31,SPY,2022-07-15,2022-10-21,99,350,384.35,7,1667,1,1,1177,5301,121,244,42.79,43.02573647968031,43.26,7.85,7.869006287663124,7.89,0.2735539747892,0.27745687540818403,0.281359776027168,0.27584759021953603,0.27677439847062,0.277106016741328,0.277437635012035,0.0030348747013600004,0.768535786144069,0.0054873891054450005,-0.08957173580022301,0.602052838852957,0.677014907569603,-0.791757695924299,-0.08408016062788601,0.244479822242179,41.10246556658491,5.96392626974915,384.35,2022-07-15T19:46:00Z
32,SPY,2022-07-18,2022-10-21,96,350,381.14,7,1671,1,10,2422,5927,64,83,40.3,40.61646958676492,41.02,8.72,8.73164894235589,8.75,0.278348593919712,0.284082424200097,0.28981625448048204,0.27233538408475905,0.282682279724848,0.282920810201492,0.28315934067813603,0.0031094654094090002,0.754942429805823,0.0058828380086760005,-0.09142518155482801,0.591373033789651,0.6437685591790451,-0.7470586864566501,-0.08639343975692701,0.24580294619695203,38.37667616337872,6.520059961475036,381.14,2022-07-18T19:46:00Z
33,SPY,2022-07-19,2022-10-21,95,350,392.51,1,1675,130,1,1030,7950,198,80,49.21,49.67499306278618,50.0,6.44,6.455640735138709,6.47,0.27927829672527604,0.28651593532234004,0.29375357391940304,0.28965745796102504,0.287844000435592,0.28811402092729405,0.28838404141899704,0.0034618069651120003,0.8046402864180011,0.004718397358978,-0.088665656848883,0.5548643046705061,0.6832050990439451,-0.8101650110636711,-0.083137972621991,0.254376800570828,47.93702559011355,4.700711143056067,392.51,2022-07-19T19:46:00Z
34,SPY,2022-07-20,2022-10-21,94,350,395.265,8,1676,10,10,6257,8459,708,80,51.37,51.86180026435772,52.36,5.9,5.917105303330263,5.93,0.27937591010359203,0.28905773593997103,0.298739561776351,0.28633137906698203,0.288546157944823,0.28883905748828703,0.28913195703175204,0.004056588041415001,0.8204091895000001,0.004512492791403,-0.084096686135899,0.511155459013498,0.6913151577437121,-0.821273886612623,-0.078777735271098,0.256277146406097,50.24749039980034,4.3054812323651035,395.265,2022-07-20T19:46:00Z
35,SPY,2022-07-21,2022-10-21,93,350,397.73,9,1677,6,6,1658,12673,673,445,53.22,53.73153705479771,54.25,5.32,5.330662768142994,5.35,0.277521430777431,0.28791066602624604,0.29829990127506,0.290775608198219,0.28698311214759004,0.28727693914031804,0.287570766133047,0.004137524501464001,0.8291154792706511,0.004299434177416001,-0.08337581155364901,0.510183186785782,0.69039807238799,-0.8233326999651691,-0.078372946411568,0.25746996411989403,52.28703459874913,3.931810227088945,397.73,2022-07-21T19:46:00Z
36,SPY,2022-07-22,2022-10-21,92,350,394.21,2,1681,10,10,1086,14029,80,155,50.04,50.524511944947264,51.01,5.65,5.66536095844845,5.68,0.274300869770574,0.28387531157113804,0.29344975337170204,0.285103475467812,0.282514092037065,0.28280983783746805,0.28310558363787003,-0.0008692905765750001,0.8188105448070021,0.0046378978031730005,-0.08476522279302401,0.5066244478827401,0.677078915866346,-0.8022363843696441,-0.079929878638289,0.253413419254759,49.038432035098275,4.229922700744145,394.21,2022-07-22T19:46:00Z
37,SPY,2022-07-25,2022-10-21,89,350,394.3069,2,1681,10,10,331,14497,660,153,49.96,50.40690636063352,50.86,5.43,5.445199780131593,5.46,0.276891668227703,0.285913102251936,0.294934536276169,0.28627899278074703,0.282931430965125,0.283231911868016,0.283532392770907,-0.000775482728407,0.8214477036075071,0.004651545951411,-0.085250125105819,0.498841876502975,0.6564092521031241,-0.776324874484962,-0.080865132911645,0.253367058847278,48.86427534117269,4.030687111877379,394.3069,2022-07-25T19:46:00Z
38,SPY,2022-07-26,2022-10-21,88,350,390.71,4,1680,10,10,479,14682,474,80,47.07,47.489077134685026,47.91,6.15,6.166462954196169,6.18,0.278454797223088,0.28644194680053703,0.29442909637798703,0.286919080025614,0.286299428597313,0.286579965853948,0.28686050311058203,-0.000918601043428,0.8053597551844801,0.004978309494394001,-0.09049754465026501,0.53417291388617,0.635744211398227,-0.748338274946809,-0.08535381748821701,0.24804763314852002,45.58832703817865,4.258136384856158,390.71,2022-07-26T19:46:00Z
39,SPY,2022-07-27,2022-10-21,87,350,402.14,1,1678,10,10,833,14717,96,467,56.36,57.04464133372319,57.72,4.26,4.2730081166074,4.3,0.27389234846875204,0.289446518449113,0.30500068842947503,0.29385094468105405,0.287726346266708,0.28816664235645,0.288606938446192,-0.0008803355642350001,0.8523331918178241,0.003957646943463,-0.08022342164543701,0.45417909061677303,0.6699286451842941,-0.8029929634356711,-0.075404350543154,0.25734769335955704,55.698817727484034,3.020706830085235,402.14,2022-07-27T19:46:00Z
40,SPY,2022-07-28,2022-10-21,86,350,405.675,5,1678,6,6,2464,15085,142,96,59.26,59.80090664431695,60.34,3.61,3.6227174256156953,3.63,0.271536225785798,0.28510929361590803,0.298682361446018,0.294424818700646,0.284689585892555,0.28493315880039405,0.28517673170823404,-0.001588987526837,0.866453980290791,0.0036709361504160005,-0.075900483569293,0.410691696014824,0.6735740502594151,-0.810853748683772,-0.07145420175639501,0.26327096564206404,58.95674997287037,2.7999196054708673,405.675,2022-07-28T19:46:00Z
41,SPY,2022-07-29,2022-10-21,85,350,412.725,3,1675,5,6,3374,15051,216,817,65.7,66.12702374946322,66.55,2.86,2.872472338697746,2.89,0.277469590729215,0.28951019484467605,0.30155079896013604,0.29696578509208704,0.28747621396627204,0.28788355042409003,0.288290886881908,-0.00165075867977,0.8898067162148311,0.003127728227268,-0.06843731057563901,0.36850907357744705,0.6854600985449251,-0.8341845966359991,-0.06410795628658701,0.26780775997404,65.3848178672163,2.212421686659146,412.725,2022-07-29T19:46:00Z
42,SPY,2022-08-01,2022-10-21,82,350,410.93,3,1678,1,1,2474,15902,438,170,64.28,64.68708880878715,65.09,3.23,3.239351994909616,3.25,0.289710694085833,0.30086161095200203,0.31201252781817,0.309984639385663,0.297375529643433,0.297651977681883,0.297928425720334,-0.001963705862938,0.879046123233276,0.0032889250282580004,-0.076678709197481,0.36203927571300104,0.6454960335535851,-0.78334032361989,-0.072805385417362,0.272797212783968,63.714278408236055,2.386485644761542,410.93,2022-08-01T19:46:00Z
43,SPY,2022-08-02,2022-10-21,81,350,409.3686,2,1678,6,6,883,15204,13,996,62.83,63.30069551001356,63.77,3.51,3.515679425087408,3.5300000000000002,0.289769799017337,0.30233261741673,0.314895435816123,0.30817915863572104,0.30227104468798105,0.30254929000261704,0.30282753531725204,-0.0009298719862400001,0.876248499767301,0.0033964431680560004,-0.077687611395706,0.400835781914716,0.6362164474899671,-0.769577596773225,-0.07374905287199601,0.27253655852539305,62.23821905561838,2.4687882197707642,409.3686,2022-08-02T19:46:00Z
44,SPY,2022-08-03,2022-10-21,80,350,415.42,2,1679,6,6,4141,15422,692,167,68.0,68.48520253353928,68.97,2.6,2.610154955037124,2.62,0.283716704750757,0.298588225162962,0.31345974557516704,0.30592866724495305,0.29592910145372603,0.296243076888182,0.296557052322638,-0.0007742755999700001,0.8982064605251171,0.00293659440125,-0.068469341047145,0.318821395225908,0.644606929852627,-0.78569069574446,-0.064702626922279,0.27414572744903404,67.73286822883564,1.9476574641084992,415.42,2022-08-03T19:46:00Z
45,SPY,2022-08-04,2022-10-21,79,350,413.8,2,1679,6,66,1804,15670,992,1902,66.35,66.93040852431737,67.51,2.73,2.739499196744824,2.75,0.28205495651564905,0.299412969722239,0.31677098292883005,0.305945482435012,0.296923022743789,0.297238778776999,0.29755453481020805,-0.000490572887282,0.894289233471625,0.0030553121629240004,-0.069743931607225,0.35717788930270805,0.620225762023046,-0.750801509577464,-0.066775796302107,0.27387410628156,66.11494520888576,2.024254885061264,413.8,2022-08-04T19:46:00Z
46,SPY,2022-08-05,2022-10-21,78,350,413.1,1,1679,5,10,6428,16156,1,828,65.72,66.11705979044847,66.52,2.58,2.580479728916094,2.59,0.28276130833115004,0.29507920672306204,0.30739710511497403,0.302835083550832,0.292176002833097,0.292335297401807,0.292494591970518,-0.001655956573829,0.895641841565589,0.0030790993996260003,-0.06925368433338701,0.35395113624199104,0.6235735738005791,-0.7550633028188221,-0.065729753515257,0.27405906870832003,65.46603042032606,2.030387692348791,413.1,2022-08-05T19:46:00Z
47,SPY,2022-08-08,2022-10-21,75,350,413.28,1,1680,6,6,8333,15248,943,112,65.92,66.22749114484607,66.53,2.5300000000000002,2.5448850199662543,2.55,0.290322488124783,0.300078588386787,0.30983468864879005,0.308060785364882,0.29686759368244203,0.29719240175015305,0.297517209817865,-0.0015912182124340002,0.896750241671972,0.0030639377785980004,-0.07112998981043,0.34730855974019803,0.5964251635016871,-0.721395956687496,-0.06773346372696401,0.27846814698853,65.58103491583594,1.989378069582055,413.28,2022-08-08T19:46:00Z
48,SPY,2022-08-09,2022-10-21,74,350,411.01,2,1680,5,71,2506,14475,1371,1114,63.67,64.0698694709453,64.47,2.65,2.660081935949563,2.67,0.286083682562116,0.298462844596008,0.3108420066299,0.30586151789923505,0.29591730364135205,0.296244793215568,0.29657228278978504,-0.001247497780544,0.8921916501202941,0.003223883247687,-0.07288582013904,0.34411607383791404,0.5854379220791041,-0.704854564712294,-0.069486392419877,0.27534296548894305,63.35161036869503,2.031465244334754,411.01,2022-08-09T19:46:00Z
49,SPY,2022-08-10,2022-10-21,73,350,419.88,2,1680,84,71,3174,14563,120,6894,71.74,72.10514987521472,72.47,1.8,1.800179957963167,1.81,0.286617984649614,0.300575728230488,0.31453347181136304,0.304393672136944,0.29411058890108205,0.294296787250379,0.294482985599676,-0.000360398196393,0.9199274797861051,0.002543500233241,-0.05939824607129401,0.269260833570632,0.583462039123618,-0.709506493421272,-0.05662530177944201,0.28122221601789604,71.61383669872113,1.493888981006695,419.88,2022-08-10T19:46:00Z
50,SPY,2022-08-11,2022-10-21,72,350,419.32,1,1680,71,71,3890,15308,1121,5606,71.24,71.52500163527075,71.81,1.8900000000000001,1.892745395421888,1.9,0.29135507565564,0.30208566443283,0.31281625321002104,0.309587778802118,0.29777217164935404,0.297959471391461,0.298146771133568,-0.000265387872084,0.9166467365231371,0.0026101131754640004,-0.06216093973392701,0.26782810333149204,0.5559035418468871,-0.6732493722228651,-0.059905757729466005,0.282237551315348,71.02792550667898,1.5112450978152352,419.32,2022-08-11T19:46:00Z
51,SPY,2022-08-12,2022-10-21,71,350,426.46,0,1680,5,69,6940,18204,8,7930,77.82,78.15517224242649,78.48,1.3900000000000001,1.384535700575767,1.4,0.288437480596623,0.30355082748948903,0.318664174382354,0.314560584355698,0.298185407125413,0.298435519322849,0.29868563152028604,-0.000416067187965,0.932154130036373,0.002164962251599,-0.054957682183034005,0.23343949130844902,0.5431218968096251,-0.6640448962012361,-0.05299613771162601,0.281503722972875,77.68255974745375,1.058114550010172,426.46,2022-08-12T19:46:00Z
52,SPY,2022-08-15,2022-10-21,68,350,429.02,3,1680,5,5,2189,22951,6812,7971,80.33,80.63480731534058,80.94,1.27,1.275155614456051,1.28,0.299706500426387,0.31432715670022005,0.328947812974053,0.325191456980568,0.30547555477965704,0.30573058088460503,0.305985606989552,-0.00130094992514,0.935626310415524,0.0020417812770660002,-0.055936267617844,0.22910499537258702,0.514801210094963,-0.6317030235275221,-0.054027576216738,0.281186438688796,80.01142576966596,0.8395215463975331,429.02,2022-08-15T19:46:00Z
53,SPY,2022-08-16,2022-10-21,67,350,430.26,0,1680,5,4,4241,23442,1787,3576,81.42,81.72784217629494,82.01,1.19,1.191684050060148,1.2,0.29833559661456904,0.31348671152294805,0.32863782643132705,0.32556367125913305,0.306905685773785,0.307162070319699,0.30741845486561303,-0.000267432175104,0.9393884809803771,0.001958684128053,-0.053715851133284004,0.22641692809865302,0.49262513541311803,-0.603704441833236,-0.052169541260709,0.27551894951765205,81.06928521295889,0.6883694433319,430.26,2022-08-16T19:46:00Z
54,SPY,2022-08-17,2022-10-21,66,350,427.02,1,1680,5,5,2482,24841,2,9868,78.1,78.51155163570144,78.92,1.26,1.259882096080916,1.27,0.286480263842231,0.307249817856797,0.32801937187136204,0.32495999829216304,0.304117739363765,0.304377095678221,0.304636451992677,-0.001184679065612,0.9341600063832881,0.002124795098967,-0.057351875178242,0.22530412556246301,0.49196308592291305,-0.6003671903811231,-0.055596420677688003,0.280086393717396,77.99467884568199,0.8380152248643261,427.02,2022-08-17T19:46:00Z
55,SPY,2022-08-18,2022-10-21,65,350,428.15,0,1679,5,5,3544,26336,1643,19637,79.24,79.44679220482165,79.65,1.13,1.134526351700583,1.1400000000000001,0.29733214364472105,0.308214884001187,0.31909762435765204,0.31624030421541105,0.302467792226968,0.302727978665973,0.302988165104978,-5.9641771714e-05,0.9425830647212281,0.0019856811299240004,-0.049715188231873,0.192990721913846,0.433728390227607,-0.5252138151779701,-0.049136385096123,0.277058337039758,78.92606953745667,0.72807868450027,428.15,2022-08-18T19:46:00Z
56,SPY,2022-08-19,2022-10-21,64,350,422.08,1,1679,5,65,3273,28205,7718,639,73.47,73.67083278567824,73.83,1.45,1.454973591135213,1.46,0.29948739398970603,0.30780424313444005,0.316121092279174,0.325333225455172,0.304332404335872,0.30455914249215604,0.30478588064844003,-7.481277079e-06,0.9257703291636281,0.0024250883972100003,-0.06222200973532901,0.254009549426488,0.42158270614270005,-0.506321578458334,-0.061819366490670005,0.26980416829777804,72.9393114198809,0.8212984413642571,422.08,2022-08-19T19:46:00Z
57,SPY,2022-08-22,2022-10-21,61,350,412.74,7,1680,71,71,2765,28957,8391,2606,64.71,64.95007600441332,65.19,2.13,2.133492812691041,2.14,0.304584103878904,0.313763003228119,0.322941902577334,0.33191261540799205,0.311972020679381,0.31217572220467904,0.312379423729976,-0.0007297935408790001,0.9008202705095361,0.0031112189654580002,-0.079133435435632,0.27984626605038504,0.391945227512347,-0.46418356296323,-0.079030093209826,0.27046796025421205,63.94284163041256,1.182152477194964,412.74,2022-08-22T19:46:00Z
58,SPY,2022-08-23,2022-10-21,60,350,412.57,1,1686,5,91,2371,28547,1085,6469,64.44,64.60263763203413,64.76,2.0,2.004406717681832,2.01,0.30405306320515,0.310566811815338,0.317080560425526,0.32686508840999,0.30850942429042405,0.308714758617788,0.30892009294515105,0.000505321005168,0.9050319632679661,0.003095412717808,-0.075425300087053,0.27729636471136804,0.372052331138894,-0.439356252908131,-0.075912055255169,0.27003429630478004,63.69541460645354,1.145415523927088,412.57,2022-08-23T19:46:00Z
59,SPY,2022-08-24,2022-10-21,59,350,414.27,6,1685,6,6,1846,28309,1733,15476,65.8,65.97297481468604,66.14,1.6600000000000001,1.661655925907532,1.67,0.29822317491869504,0.305515251402522,0.31280732788635,0.32054475125356,0.302552898049994,0.3027595445728,0.302966191095605,0.000280073224617,0.91571492477281,0.002904557912362,-0.068154727137495,0.24183712235620403,0.358969247823744,-0.42393499268196705,-0.06885416899518,0.263129206327825,65.12688322110134,0.891139003261576,414.27,2022-08-24T19:46:00Z
60,SPY,2022-08-25,2022-10-21,58,350,418.58,200,1689,71,91,1893,27962,33857,1680,69.64,69.91167963252259,70.18,1.3,1.303682857606639,1.31,0.291008829879612,0.304804458922514,0.318600087965416,0.32321196066371005,0.30118322946903003,0.30146019988949,0.30173717030995,0.0005563201706620001,0.9278295514484771,0.002564326206993,-0.06175114443367401,0.21584867039336503,0.342831358492148,-0.40703229663501905,-0.06274467740844,0.26155034276323,69.18495864647356,0.656679286551414,418.58,2022-08-25T19:46:00Z
61,SPY,2022-08-26,2022-10-21,57,350,405.84,212,1889,5,60,1937,28346,12906,1,57.9,58.214237823595504,58.52,2.5,2.512085065822397,2.52,0.300144536858365,0.311253021729111,0.322361506599856,0.329672412356158,0.31195937603866103,0.312330777871323,0.312702179703984,0.001892025718389,0.885888208725204,0.003687549076821,-0.086513379928586,0.30208359639992505,0.33357984383105305,-0.38954236609096604,-0.08850442170875,0.27462398230372803,57.27559884992258,1.5523440077339,405.84,2022-08-26T19:46:00Z
62,SPY,2022-08-29,2022-10-21,54,350,403.82,70,1853,5,70,2445,28435,6587,9052,55.91,56.10180733465393,56.3,2.4,2.4099289539453252,2.42,0.302614211999622,0.30984643492519304,0.317078657850763,0.32458697705000705,0.309339418083421,0.309721736549033,0.310104055014645,0.000899762278558,0.8873993476872131,0.0038390567207560004,-0.08607224609623801,0.293131417051519,0.31447748420446203,-0.36498277015220104,-0.08832539879911201,0.27446962574445405,55.22996674844181,1.538007207873173,403.82,2022-08-29T19:46:00Z
63,SPY,2022-08-30,2022-10-21,53,350,398.18,3,1889,5,4,2308,29170,787,98,50.55,50.80877940600874,51.06,2.85,2.856418894357117,2.86,0.29609265663890905,0.30485221465781304,0.313611772676717,0.31730788639125,0.305697342078113,0.30586943850389103,0.30604153492967,0.002643730603967,0.871138896360917,0.004443157834347,-0.091396370477828,0.321577540682426,0.30215823283729304,-0.346932122879652,-0.09465715443762,0.27106874915391804,49.875113392164025,1.888089065803499,398.18,2022-08-30T19:46:00Z
64,SPY,2022-08-31,2022-10-21,52,350,397.35,2,1889,51,51,1644,29118,962,492,49.62,49.800750947643216,49.98,2.63,2.637427328421363,2.64,0.291672982577493,0.297982292899833,0.304291603222174,0.309503696226531,0.297782471894029,0.297956442416615,0.298130412939201,0.0017645222145730001,0.875033120472112,0.004513536155703,-0.08806970581631701,0.28591442697546904,0.295984790447936,-0.338711407297184,-0.09111598450488001,0.266550293732744,48.95791737855973,1.784689841869401,397.35,2022-08-31T19:46:00Z
65,SPY,2022-09-01,2022-10-21,51,350,394.29,61,1889,70,70,4943,29338,4092,2533,46.71,46.87219675268738,47.04,2.89,2.902076513323361,2.91,0.290137079782049,0.29561154527404804,0.301086010766048,0.30842660332279603,0.296636859743441,0.296951890567885,0.297266921392328,0.0035558971236850003,0.8633842748749051,0.004927545617588,-0.09220573873447001,0.31433133469149105,0.28356738733581405,-0.32258261006843,-0.09668951115532001,0.266527721806106,46.05400414843923,2.030246444928296,394.29,2022-09-01T19:46:00Z
66,SPY,2022-09-02,2022-10-21,50,350,391.07,52,1921,29,2,5176,29431,456,654,43.43,43.77139455893833,44.11,3.13,3.142111056602626,3.15,0.278968448291173,0.289954838289857,0.30094122828854203,0.290233901190731,0.29291416224487604,0.293233038403145,0.293551914561414,0.0045065204530910005,0.8625668057889241,0.005389395852826001,-0.08612103088936501,0.309647483514546,0.27227609152144,-0.30674137850544503,-0.091450293930723,0.26997065041407703,43.1736535131777,2.4317768198211462,391.07,2022-09-02T19:46:00Z
67,SPY,2022-09-06,2022-10-21,46,350,391.05,32,1927,51,60,5055,30806,1656,1029,43.32,43.57954800031912,43.84,2.95,2.963863879852033,2.9699999999999998,0.289366297727194,0.298155344252573,0.30694439077795105,0.31047417779338304,0.29914251257116203,0.29947433524731304,0.29980615792346504,0.0037862729618090003,0.8571641698653021,0.0054144830031740004,-0.098240648551056,0.297336917323873,0.247558425158165,-0.27922760518112,-0.10492780648428,0.272246588229379,42.86458046610954,2.18967095267165,391.05,2022-09-06T19:46:00Z
68,SPY,2022-09-07,2022-10-21,45,350,398.0,28,1949,50,50,5800,31269,298,2286,49.3,49.5001842398949,49.7,1.92,1.9223019826819652,1.9300000000000002,0.282189913874335,0.29107432514369,0.29995873641304505,0.30106674201481204,0.294176251606836,0.29438515348586203,0.29459405536488703,0.0039564503614130005,0.900358255755286,0.004368599800915,-0.074357812453698,0.23311319848149803,0.23261036094713802,-0.263876910763264,-0.080684414135022,0.282697090543965,49.31017404983633,1.6551611375425912,398.0,2022-09-07T19:46:00Z
69,SPY,2022-09-08,2022-10-21,44,350,398.81,134,1969,8,8,6041,33756,264,11080,49.87,50.048684511530524,50.23,1.67,1.674043410621155,1.6800000000000002,0.27803675683569,0.286935004494339,0.295833252152987,0.30251156849287303,0.289660487119591,0.28990033865935705,0.290140190199124,0.004852146797582,0.9055044793007591,0.004259565622498,-0.071905709698817,0.228955047251357,0.22236990903984302,-0.25232649816122,-0.078887893705031,0.283843142368772,49.98510612212449,1.548710641267547,398.81,2022-09-08T19:46:00Z
70,SPY,2022-09-09,2022-10-21,43,350,407.17,41,2000,5,10,7540,35279,8324,14377,57.6,57.85171278233247,58.1,1.1,1.104233050854924,1.11,0.271979661789058,0.289347104809415,0.30671454782977103,0.311243853472152,0.295485362209346,0.29580582105634,0.296126279903335,0.004659932950095,0.93327998280079,0.0032408523565060003,-0.057169980786194,0.171370401463829,0.20054209620406302,-0.23023614817786903,-0.063914623970879,0.293207398556222,57.885293201118,1.064478369743215,407.17,2022-09-09T19:46:00Z
71,SPY,2022-09-12,2022-10-21,40,350,410.5,11,1988,5,5,9781,38214,18438,4463,60.86,61.08739008662403,61.31,0.99,0.999676562935163,1.0,0.28485811944092404,0.302919237223478,0.320980355006032,0.327618093978641,0.31195179606300205,0.312283675866088,0.31261555566917304,0.0015611622879010002,0.940471997493959,0.002893410715414,-0.058075262494061,0.16331183841872002,0.18589313410462302,-0.21467511443738502,-0.064469048823429,0.288498001958126,60.89492884471799,0.6725069334033,410.5,2022-09-12T19:46:00Z
72,SPY,2022-09-13,2022-10-21,39,350,392.45,14,1998,6,25,11177,37391,491,150,44.07,44.38145107741679,44.69,2.43,2.444410043783901,2.45,0.294252080044325,0.307092544659186,0.319933009274047,0.317345664536246,0.31253323556177404,0.312934984487646,0.31333673341351703,0.0012872203628750002,0.8785836862865881,0.005171800581921001,-0.097003104482398,0.244341021137907,0.20591215466634202,-0.23168437604303602,-0.104520106035624,0.303702238628117,44.29416330702854,2.210147335856614,392.45,2022-09-13T19:46:00Z
73,SPY,2022-09-14,2022-10-21,38,350,394.78,18,2001,76,63,8367,37105,892,2629,45.94,46.11782026491744,46.3,1.94,1.944692424897074,1.9500000000000002,0.291429668984626,0.300103914466335,0.30877815994804303,0.313471677517752,0.30619703807659604,0.306424130147096,0.306651222217597,0.006269796716358001,0.8967502022006271,0.004835012707996,-0.083431374256549,0.212165937814409,0.18691737287645802,-0.210223505675896,-0.09315515343302401,0.30592914219919604,46.239716069561084,1.9341412134403901,394.78,2022-09-14T19:46:00Z
74,SPY,2022-09-15,2022-10-21,37,350,390.94,59,2018,25,5,13821,37558,1,802,42.15,42.366869261886706,42.59,2.09,2.091929521075585,2.1,0.28100577487766804,0.29119169710625203,0.30137761933483603,0.313509792676239,0.29868711197305103,0.29889214651574403,0.299097181058437,0.005944138542524,0.880063473240679,0.005468174508166001,-0.09374401688115301,0.23583739390659503,0.18521706991171402,-0.207156333886578,-0.10436123882529301,0.29602944785802005,42.46543209965114,2.025236959396657,390.94,2022-09-15T19:46:00Z
75,SPY,2022-09-16,2022-10-21,36,350,385.24,1043,2007,6,6,16017,39699,186,716,38.3,38.524127074003175,38.75,2.38,2.386652759434036,2.39,0.286205503687507,0.29506040339841,0.30391530310931403,0.30745455952393,0.29396132070450703,0.29415783422734404,0.29435434775018204,0.005263579306722,0.8604430935091361,0.006062692695285,-0.13755307015891102,0.254695178541253,0.280687158849015,-0.317941446520197,-0.11645834123538201,0.287730610339401,38.338688710650736,2.221608446659619,385.24,2022-09-16T19:46:00Z
76,SPY,2022-09-19,2022-10-21,33,350,387.88,1256,2466,5,6,13130,43515,3557,5237,40.2,40.45173529437357,40.7,1.75,1.7528524716024592,1.76,0.279402503282898,0.291444103073756,0.303485702864613,0.293295421765466,0.293155397673923,0.29338493364839,0.29361446962285803,0.0038237716058490004,0.8953748008423401,0.00538748962118,-0.11877944236912001,0.21763331157508803,0.269073575461105,-0.304571911407631,-0.09548654338311101,0.29036994970595104,40.414344983310905,1.689348817431736,387.88,2022-09-19T19:46:00Z
77,SPY,2022-09-20,2022-10-21,32,350,385.26,479,2205,55,55,17118,45587,123,753,38.1,38.323895881359974,38.55,2.2,2.204052915544847,2.21,0.295601433321367,0.30528449958047305,0.314967565839579,0.307595808558821,0.304713542470177,0.304922444952747,0.305131347435317,0.0045429330946130005,0.873511244682671,0.006015510991151001,-0.139067575973316,0.239242703687491,0.253306208520936,-0.28590764083262105,-0.11568327055991101,0.289988928979577,37.98007216532924,1.8742832419741462,385.26,2022-09-20T19:46:00Z
78,SPY,2022-09-21,2022-10-21,31,350,378.51,4019,2143,5,405,25399,47199,348,110,32.03,32.3006487459928,32.57,3.06,3.061701581322755,3.07,0.29287398974226403,0.30291262533949703,0.31295126093673004,0.297258833930346,0.304517397902973,0.30470509108917004,0.30489278427536703,0.0061452719627540005,0.838222394168006,0.0076060854767950005,-0.1527385101374,0.25905620454263,0.23442971474956803,-0.260857628984253,-0.131844113640221,0.305144886428662,32.34839217414271,3.077067941865146,378.51,2022-09-21T19:46:00Z
79,SPY,2022-09-22,2022-10-21,30,350,377.35,147,4968,64,64,17571,53393,88,1215,30.66,30.818301901045253,30.98,2.7199999999999998,2.725107333316496,2.73,0.283836507785925,0.290125715970432,0.29641492415493803,0.284809594480994,0.28906583490895704,0.289262007375999,0.289458179843041,0.006275603461919001,0.842043891166609,0.007969815444135001,-0.146675702558263,0.25419218621468503,0.22815069889837503,-0.252538522005677,-0.126044002629946,0.28610759621480303,30.71773009631303,2.644633446058604,377.35,2022-09-22T19:46:00Z
80,SPY,2022-09-23,2022-10-21,29,350,367.6,676,4983,6,6,136220,52528,27,242,23.46,23.482734755682774,23.51,5.16,5.173055146390812,5.18,0.30687517709690004,0.30761928142848305,0.308363385760066,0.30141941145940204,0.30734702840785605,0.30764441458673103,0.307941800765607,-1.3878941633e-05,0.743807785527912,0.010531102524477,-0.195836128508158,0.33579720082493103,0.191960206914421,-0.20982250159562402,-0.17711699301772602,0.29666126244220103,23.117020198510204,4.8008607618123005,367.6,2022-09-23T19:46:00Z
